date,region,product_id,revenue,cost,quantity,product_name,category,brand,cost_price,total_cost,profit,margin_percent
2025-11-07,South,P016,1075.3,145.59,6,,,,,873.54,201.76,18.76
2025-11-10,West,P017,692.22,154.03,4,,,,,616.12,76.10000000000002,10.99
2025-11-11,West,P018,2634.09,182.73,10,,,,,1827.3,806.7900000000002,30.63
2025-11-07,South,P012,160.82,62.67,2,,,,,125.34,35.47999999999999,22.06
2025-11-08,West,P020,202.37,75.47,2,,,,,150.94,51.43000000000001,25.41
2025-11-12,West,P009,1825.87,167.67,8,Wireless Mouse,Accessories,ClickIt,40.0,1341.36,484.51,26.54
2025-11-11,North,P012,195.6,79.51,2,,,,,159.02,36.579999999999984,18.7
2025-11-13,West,P005,824.7,84.33,7,LED Monitor,Electronics,ViewPoint,250.0,590.31,234.3900000000001,28.42
2025-11-08,West,P003,325.55,60.25,4,Headphones Z,Accessories,SoundMax,80.0,241.0,84.55000000000001,25.97
2025-11-13,South,P002,2116.97,186.22,10,Laptop X,Electronics,ComputeCore,750.0,1862.2,254.76999999999975,12.03
2025-11-07,South,P019,750.97,167.15,3,,,,,501.45000000000005,249.51999999999998,33.23
2025-11-09,West,P018,133.52,89.1,1,,,,,89.1,44.420000000000016,33.27
2025-11-10,West,P015,1136.31,149.26,6,,,,,895.56,240.75,21.19
2025-11-13,South,P004,1157.02,119.14,7,Desk Chair,Home,ErgoFit,120.0,833.98,323.03999999999996,27.92
2025-11-11,West,P012,1901.13,166.45,9,,,,,1498.05,403.08000000000015,21.2
2025-11-07,North,P010,966.91,107.03,7,Office Desk,Home,ErgoFit,300.0,749.21,217.69999999999993,22.52
2025-11-09,East,P015,485.06,56.02,6,,,,,336.12,148.94,30.71
2025-11-12,West,P001,206.32,158.99,1,Smartphone A,Electronics,TechNova,200.0,158.99,47.329999999999984,22.94
2025-11-07,West,P006,478.99,85.5,5,Coffee Maker,Home,KitchenPro,90.0,427.5,51.49000000000001,10.75
2025-11-11,South,P005,145.45,108.93,1,LED Monitor,Electronics,ViewPoint,250.0,108.93,36.51999999999998,25.11
2025-11-08,East,P003,517.71,103.36,4,Headphones Z,Accessories,SoundMax,80.0,413.44,104.27000000000004,20.14
2025-11-11,East,P005,826.63,60.48,10,LED Monitor,Electronics,ViewPoint,250.0,604.8,221.83000000000004,26.84
2025-11-07,South,P010,761.59,112.64,6,Office Desk,Home,ErgoFit,300.0,675.84,85.75,11.26
2025-11-13,East,P009,1366.99,193.42,6,Wireless Mouse,Accessories,ClickIt,40.0,1160.52,206.47000000000003,15.1
2025-11-13,South,P013,126.82,85.82,1,,,,,85.82,41.0,32.33
2025-11-08,North,P017,1739.08,132.62,9,,,,,1193.58,545.5,31.37
2025-11-10,South,P005,425.12,162.03,2,LED Monitor,Electronics,ViewPoint,250.0,324.06,101.06,23.77
2025-11-08,East,P005,1729.24,123.5,10,LED Monitor,Electronics,ViewPoint,250.0,1235.0,494.24,28.58
2025-11-09,North,P011,886.17,85.07,7,,,,,595.49,290.67999999999995,32.8
2025-11-11,North,P018,1491.12,112.61,10,,,,,1126.1,365.02,24.48
2025-11-09,West,P020,1953.52,162.32,9,,,,,1460.8799999999999,492.6400000000001,25.22
2025-11-12,North,P020,572.67,159.04,3,,,,,477.12,95.54999999999995,16.69
2025-11-07,South,P017,231.58,168.13,1,,,,,168.13,63.45000000000002,27.4
2025-11-10,West,P015,1617.64,175.48,8,,,,,1403.84,213.80000000000018,13.22
2025-11-11,East,P001,229.08,96.61,2,Smartphone A,Electronics,TechNova,200.0,193.22,35.860000000000014,15.65
2025-11-13,North,P002,218.96,168.85,1,Laptop X,Electronics,ComputeCore,750.0,168.85,50.110000000000014,22.89
2025-11-12,North,P019,539.91,122.01,3,,,,,366.03000000000003,173.87999999999994,32.21
2025-11-10,South,P005,145.43,103.9,1,LED Monitor,Electronics,ViewPoint,250.0,103.9,41.53,28.56
2025-11-12,North,P011,242.29,102.42,2,,,,,204.84,37.44999999999999,15.46
2025-11-07,East,P001,613.34,154.17,3,Smartphone A,Electronics,TechNova,200.0,462.51,150.83000000000004,24.59
2025-11-11,South,P001,1090.15,108.13,8,Smartphone A,Electronics,TechNova,200.0,865.04,225.11000000000013,20.65
2025-11-10,West,P005,1165.49,99.57,9,LED Monitor,Electronics,ViewPoint,250.0,896.1299999999999,269.3600000000001,23.11
2025-11-07,West,P010,1859.93,188.52,8,Office Desk,Home,ErgoFit,300.0,1508.16,351.77,18.91
2025-11-10,North,P002,968.34,85.47,9,Laptop X,Electronics,ComputeCore,750.0,769.23,199.11,20.56
2025-11-12,North,P018,193.42,140.59,1,,,,,140.59,52.829999999999984,27.31
2025-11-10,East,P018,1798.11,127.75,10,,,,,1277.5,520.6099999999999,28.95
2025-11-12,East,P009,260.29,101.74,2,Wireless Mouse,Accessories,ClickIt,40.0,203.48,56.81000000000003,21.83
2025-11-09,South,P006,692.27,181.37,3,Coffee Maker,Home,KitchenPro,90.0,544.11,148.15999999999997,21.4
2025-11-10,West,P015,192.09,66.59,2,,,,,133.18,58.91,30.67
2025-11-12,North,P011,528.72,95.12,5,,,,,475.6,53.120000000000005,10.05
2025-11-10,North,P011,286.62,119.04,2,,,,,238.08,48.53999999999999,16.94
2025-11-07,South,P002,1157.05,119.11,7,Laptop X,Electronics,ComputeCore,750.0,833.77,323.28,27.94
2025-11-11,South,P019,264.88,112.19,2,,,,,224.38,40.5,15.29
2025-11-11,East,P008,1097.81,126.08,6,Backpack Travel,Accessories,UrbanTrail,65.0,756.48,341.3299999999999,31.09
2025-11-13,East,P011,696.68,80.48,7,,,,,563.36,133.31999999999994,19.14
2025-11-13,North,P012,1177.36,165.5,5,,,,,827.5,349.8599999999999,29.72
2025-11-13,North,P012,1566.37,158.9,7,,,,,1112.3,454.06999999999994,28.99
2025-11-13,West,P003,554.5,61.74,7,Headphones Z,Accessories,SoundMax,80.0,432.18,122.32,22.06
2025-11-10,North,P011,1069.21,71.43,10,,,,,714.3000000000001,354.90999999999997,33.19
2025-11-13,West,P007,268.12,115.54,2,Sneakers Air,Sports,RunEase,110.0,231.08,37.03999999999999,13.81
2025-11-09,West,P015,875.34,94.68,8,,,,,757.44,117.89999999999998,13.47
2025-11-09,West,P007,672.39,83.98,7,Sneakers Air,Sports,RunEase,110.0,587.86,84.52999999999997,12.57
2025-11-10,West,P006,751.02,96.87,7,Coffee Maker,Home,KitchenPro,90.0,678.09,72.92999999999995,9.71
2025-11-12,South,P007,1820.04,167.83,9,Sneakers Air,Sports,RunEase,110.0,1510.47,309.56999999999994,17.01
2025-11-12,South,P008,1729.3,116.56,10,Backpack Travel,Accessories,UrbanTrail,65.0,1165.6,563.7,32.6
2025-11-09,North,P001,1104.03,191.81,5,Smartphone A,Electronics,TechNova,200.0,959.05,144.98000000000002,13.13
2025-11-11,South,P018,1082.23,92.3,10,,,,,923.0,159.23000000000002,14.71
2025-11-13,South,P019,939.76,90.65,7,,,,,634.5500000000001,305.2099999999999,32.48
2025-11-13,North,P009,61.27,55.02,1,Wireless Mouse,Accessories,ClickIt,40.0,55.02,6.25,10.2
2025-11-12,East,P019,850.18,136.31,5,,,,,681.55,168.63,19.83
2025-11-13,East,P019,737.04,166.65,4,,,,,666.6,70.43999999999994,9.56
2025-11-13,South,P004,1055.35,116.82,8,Desk Chair,Home,ErgoFit,120.0,934.56,120.78999999999996,11.45
2025-11-08,West,P008,255.66,184.46,1,Backpack Travel,Accessories,UrbanTrail,65.0,184.46,71.19999999999999,27.85
2025-11-08,South,P002,1673.47,182.4,8,Laptop X,Electronics,ComputeCore,750.0,1459.2,214.26999999999998,12.8
2025-11-07,West,P017,205.08,51.85,3,,,,,155.55,49.53,24.15
2025-11-12,North,P003,682.27,68.23,7,Headphones Z,Accessories,SoundMax,80.0,477.61,204.65999999999997,30.0
2025-11-10,North,P001,893.59,182.13,4,Smartphone A,Electronics,TechNova,200.0,728.52,165.07000000000005,18.47
2025-11-08,North,P005,309.25,81.11,3,LED Monitor,Electronics,ViewPoint,250.0,243.32999999999998,65.92000000000002,21.32
2025-11-08,South,P006,669.88,151.72,4,Coffee Maker,Home,KitchenPro,90.0,606.88,63.0,9.4
2025-11-12,North,P002,68.45,61.23,1,Laptop X,Electronics,ComputeCore,750.0,61.23,7.220000000000006,10.55
2025-11-10,South,P014,1308.25,152.62,6,,,,,915.72,392.53,30.0
2025-11-09,East,P018,1112.65,175.83,5,,,,,879.1500000000001,233.5,20.99
2025-11-09,East,P014,708.01,104.65,5,,,,,523.25,184.76,26.1
2025-11-09,South,P019,834.07,142.35,4,,,,,569.4,264.6700000000001,31.73
2025-11-09,South,P019,1266.5,149.02,6,,,,,894.1200000000001,372.3799999999999,29.4
2025-11-10,South,P014,1928.04,130.25,10,,,,,1302.5,625.54,32.44
2025-11-10,North,P012,247.45,111.96,2,,,,,223.92,23.53,9.51
2025-11-11,East,P004,670.13,110.26,5,Desk Chair,Home,ErgoFit,120.0,551.3000000000001,118.82999999999993,17.73
2025-11-10,South,P006,2211.22,178.8,9,Coffee Maker,Home,KitchenPro,90.0,1609.2,602.0199999999998,27.23
2025-11-08,North,P002,1664.21,181.67,8,Laptop X,Electronics,ComputeCore,750.0,1453.36,210.85000000000014,12.67
2025-11-11,East,P004,417.46,56.48,5,Desk Chair,Home,ErgoFit,120.0,282.4,135.06,32.35
2025-11-13,East,P004,198.43,67.72,2,Desk Chair,Home,ErgoFit,120.0,135.44,62.99000000000001,31.74
2025-11-09,North,P004,209.15,57.35,3,Desk Chair,Home,ErgoFit,120.0,172.05,37.099999999999994,17.74
2025-11-08,North,P013,1192.65,136.87,7,,,,,958.09,234.56000000000006,19.67
2025-11-11,West,P014,863.81,115.53,6,,,,,693.1800000000001,170.62999999999988,19.75
2025-11-13,North,P019,732.55,119.68,5,,,,,598.4000000000001,134.14999999999986,18.31
2025-11-11,East,P013,156.88,110.19,1,,,,,110.19,46.69,29.76
2025-11-13,East,P015,900.26,88.47,7,,,,,619.29,280.97,31.21
2025-11-12,West,P002,793.18,99.39,6,Laptop X,Electronics,ComputeCore,750.0,596.34,196.83999999999992,24.82
2025-11-07,West,P010,1273.88,168.4,6,Office Desk,Home,ErgoFit,300.0,1010.4000000000001,263.48,20.68
2025-11-08,North,P006,704.7,61.01,10,Coffee Maker,Home,KitchenPro,90.0,610.1,94.60000000000002,13.42
2025-11-10,East,P008,211.05,59.27,3,Backpack Travel,Accessories,UrbanTrail,65.0,177.81,33.24000000000001,15.75
2025-11-08,North,P010,1371.71,115.45,8,Office Desk,Home,ErgoFit,300.0,923.6,448.11,32.67
2025-11-10,West,P003,181.19,77.76,2,Headphones Z,Accessories,SoundMax,80.0,155.52,25.669999999999987,14.17
2025-11-11,North,P011,957.03,160.59,5,,,,,802.95,154.07999999999993,16.1
2025-11-09,South,P020,930.68,103.65,6,,,,,621.9000000000001,308.77999999999986,33.18
2025-11-10,South,P012,407.73,72.36,5,,,,,361.8,45.93000000000001,11.26
2025-11-10,East,P002,159.73,118.74,1,Laptop X,Electronics,ComputeCore,750.0,118.74,40.989999999999995,25.66
2025-11-13,North,P015,1102.84,139.24,6,,,,,835.44,267.39999999999986,24.25
2025-11-10,South,P001,239.82,56.26,3,Smartphone A,Electronics,TechNova,200.0,168.78,71.03999999999999,29.62
2025-11-13,North,P014,104.83,78.51,1,,,,,78.51,26.319999999999993,25.11
2025-11-08,East,P006,1565.08,129.3,10,Coffee Maker,Home,KitchenPro,90.0,1293.0,272.0799999999999,17.38
2025-11-08,West,P007,307.93,109.31,2,Sneakers Air,Sports,RunEase,110.0,218.62,89.31,29.0
2025-11-13,West,P012,623.84,155.58,3,,,,,466.74,157.10000000000002,25.18
2025-11-12,South,P010,2119.71,191.97,10,Office Desk,Home,ErgoFit,300.0,1919.7,200.01,9.44
2025-11-07,North,P001,1278.47,167.51,6,Smartphone A,Electronics,TechNova,200.0,1005.06,273.4100000000001,21.39
2025-11-07,West,P015,550.09,140.22,3,,,,,420.65999999999997,129.43000000000006,23.53
2025-11-07,North,P002,298.63,130.61,2,Laptop X,Electronics,ComputeCore,750.0,261.22,37.40999999999997,12.53
2025-11-08,South,P009,108.44,97.84,1,Wireless Mouse,Accessories,ClickIt,40.0,97.84,10.599999999999994,9.77
2025-11-09,North,P017,1109.89,91.9,10,,,,,919.0,190.8900000000001,17.2
2025-11-10,West,P011,1159.17,111.4,7,,,,,779.8000000000001,379.37,32.73
2025-11-12,West,P006,1836.11,181.65,7,Coffee Maker,Home,KitchenPro,90.0,1271.55,564.56,30.75
2025-11-07,South,P010,132.53,117.35,1,Office Desk,Home,ErgoFit,300.0,117.35,15.180000000000007,11.45
2025-11-10,West,P011,1634.97,141.42,10,,,,,1414.1999999999998,220.7700000000002,13.5
2025-11-13,North,P015,959.69,84.3,9,,,,,758.6999999999999,200.99000000000012,20.94
2025-11-07,West,P007,1477.67,113.92,10,Sneakers Air,Sports,RunEase,110.0,1139.2,338.47,22.91
2025-11-11,South,P020,168.19,117.07,1,,,,,117.07,51.120000000000005,30.39
2025-11-12,North,P017,799.33,76.61,7,,,,,536.27,263.06000000000006,32.91
2025-11-09,North,P018,225.65,62.1,3,,,,,186.3,39.349999999999994,17.44
2025-11-09,South,P002,983.8,120.02,7,Laptop X,Electronics,ComputeCore,750.0,840.14,143.65999999999997,14.6
2025-11-10,South,P013,717.28,106.39,6,,,,,638.34,78.93999999999994,11.01
2025-11-11,South,P007,432.47,125.69,3,Sneakers Air,Sports,RunEase,110.0,377.07,55.400000000000034,12.81
2025-11-07,East,P006,1228.49,177.05,5,Coffee Maker,Home,KitchenPro,90.0,885.25,343.24,27.94
2025-11-12,North,P011,980.97,185.68,4,,,,,742.72,238.25,24.29
2025-11-08,North,P008,166.54,57.93,2,Backpack Travel,Accessories,UrbanTrail,65.0,115.86,50.67999999999999,30.43
2025-11-07,South,P004,357.21,149.59,2,Desk Chair,Home,ErgoFit,120.0,299.18,58.02999999999997,16.25
2025-11-11,North,P005,1011.22,152.23,5,LED Monitor,Electronics,ViewPoint,250.0,761.15,250.07000000000005,24.73
2025-11-12,West,P003,237.93,172.43,1,Headphones Z,Accessories,SoundMax,80.0,172.43,65.5,27.53
2025-11-11,East,P006,635.41,137.06,4,Coffee Maker,Home,KitchenPro,90.0,548.24,87.16999999999996,13.72
2025-11-09,West,P017,1460.67,108.33,10,,,,,1083.3,377.3700000000001,25.84
2025-11-13,South,P001,620.46,55.43,10,Smartphone A,Electronics,TechNova,200.0,554.3,66.16000000000008,10.66
2025-11-07,South,P017,1878.75,192.44,7,,,,,1347.08,531.6700000000001,28.3
2025-11-12,East,P008,1516.69,170.06,6,Backpack Travel,Accessories,UrbanTrail,65.0,1020.36,496.33000000000004,32.72
2025-11-11,West,P011,479.35,126.33,3,,,,,378.99,100.36000000000001,20.94
2025-11-12,South,P019,1622.39,166.08,8,,,,,1328.64,293.75,18.11
2025-11-07,North,P004,259.41,195.19,1,Desk Chair,Home,ErgoFit,120.0,195.19,64.22000000000003,24.76
2025-11-13,North,P016,2199.45,179.96,10,,,,,1799.6000000000001,399.8499999999997,18.18
2025-11-12,North,P004,198.94,166.94,1,Desk Chair,Home,ErgoFit,120.0,166.94,32.0,16.09
2025-11-09,South,P006,375.05,61.27,5,Coffee Maker,Home,KitchenPro,90.0,306.35,68.69999999999999,18.32
2025-11-07,South,P019,2397.91,181.75,9,,,,,1635.75,762.1599999999999,31.78
2025-11-13,West,P005,1080.11,187.08,4,LED Monitor,Electronics,ViewPoint,250.0,748.32,331.78999999999985,30.72
2025-11-12,East,P006,350.59,70.41,4,Coffee Maker,Home,KitchenPro,90.0,281.64,68.94999999999999,19.67
2025-11-12,South,P005,653.21,144.19,4,LED Monitor,Electronics,ViewPoint,250.0,576.76,76.45000000000005,11.7
2025-11-07,West,P019,2043.12,172.62,8,,,,,1380.96,662.1599999999999,32.41
2025-11-07,West,P019,219.04,164.95,1,,,,,164.95,54.09,24.69
2025-11-08,North,P005,1048.18,122.84,7,LED Monitor,Electronics,ViewPoint,250.0,859.88,188.30000000000007,17.96
2025-11-09,West,P002,420.4,121.0,3,Laptop X,Electronics,ComputeCore,750.0,363.0,57.39999999999998,13.65
2025-11-09,North,P015,181.1,155.66,1,,,,,155.66,25.439999999999998,14.05
2025-11-11,North,P011,463.92,135.95,3,,,,,407.84999999999997,56.07000000000005,12.09
2025-11-11,East,P008,1735.12,190.93,8,Backpack Travel,Accessories,UrbanTrail,65.0,1527.44,207.67999999999984,11.97
2025-11-09,South,P004,536.46,65.39,6,Desk Chair,Home,ErgoFit,120.0,392.34000000000003,144.12,26.87
2025-11-08,North,P007,733.72,102.46,5,Sneakers Air,Sports,RunEase,110.0,512.3,221.42000000000007,30.18
2025-11-13,North,P012,1058.61,134.51,7,,,,,941.5699999999999,117.03999999999996,11.06
2025-11-12,South,P013,839.08,83.27,7,,,,,582.89,256.19000000000005,30.53
2025-11-09,North,P016,419.49,53.63,7,,,,,375.41,44.079999999999984,10.51
2025-11-13,North,P013,882.83,108.97,7,,,,,762.79,120.04000000000008,13.6
2025-11-12,West,P006,2076.07,181.69,9,Coffee Maker,Home,KitchenPro,90.0,1635.21,440.8600000000001,21.24
2025-11-13,South,P002,447.74,112.07,3,Laptop X,Electronics,ComputeCore,750.0,336.21,111.53000000000003,24.91
2025-11-09,South,P020,545.69,95.64,4,,,,,382.56,163.13000000000005,29.89
2025-11-08,East,P014,324.13,128.93,2,,,,,257.86,66.26999999999998,20.45
2025-11-11,East,P017,1752.97,130.39,10,,,,,1303.8999999999999,449.07000000000016,25.62
2025-11-12,East,P013,289.57,50.64,4,,,,,202.56,87.00999999999999,30.05
2025-11-12,West,P016,945.4,92.31,7,,,,,646.1700000000001,299.2299999999999,31.65
2025-11-11,West,P019,277.58,196.98,1,,,,,196.98,80.6,29.04
2025-11-10,South,P013,738.21,71.37,7,,,,,499.59000000000003,238.62,32.32
2025-11-12,West,P012,340.4,141.72,2,,,,,283.44,56.95999999999998,16.73
2025-11-09,West,P009,317.41,127.75,2,Wireless Mouse,Accessories,ClickIt,40.0,255.5,61.910000000000025,19.5
2025-11-13,West,P019,728.37,179.23,3,,,,,537.6899999999999,190.68000000000006,26.18
2025-11-07,West,P001,379.48,113.04,3,Smartphone A,Electronics,TechNova,200.0,339.12,40.360000000000014,10.64
2025-11-08,North,P016,715.15,91.4,6,,,,,548.4000000000001,166.7499999999999,23.32
2025-11-12,East,P012,1638.12,188.25,7,,,,,1317.75,320.3699999999999,19.56
2025-11-07,North,P018,1377.6,169.91,6,,,,,1019.46,358.1399999999999,26.0
2025-11-08,East,P020,431.85,154.17,2,,,,,308.34,123.51000000000005,28.6
2025-11-10,West,P006,2301.42,199.66,10,Coffee Maker,Home,KitchenPro,90.0,1996.6,304.82000000000016,13.24
2025-11-09,South,P014,1785.41,173.82,7,,,,,1216.74,568.6700000000001,31.85
2025-11-12,West,P017,1595.84,189.74,6,,,,,1138.44,457.39999999999986,28.66
2025-11-12,West,P010,679.79,92.36,6,Office Desk,Home,ErgoFit,300.0,554.16,125.63,18.48
2025-11-11,North,P019,2259.28,155.28,10,,,,,1552.8,706.4800000000002,31.27
2025-11-10,West,P013,1664.14,146.33,10,,,,,1463.3000000000002,200.83999999999992,12.07
2025-11-13,West,P004,394.11,65.82,5,Desk Chair,Home,ErgoFit,120.0,329.09999999999997,65.01000000000005,16.5
2025-11-11,North,P018,1012.21,96.61,7,,,,,676.27,335.94000000000005,33.19
2025-11-09,West,P008,239.94,170.25,1,Backpack Travel,Accessories,UrbanTrail,65.0,170.25,69.69,29.04
2025-11-13,South,P004,260.71,66.59,3,Desk Chair,Home,ErgoFit,120.0,199.77,60.93999999999997,23.37
2025-11-13,North,P007,515.74,148.54,3,Sneakers Air,Sports,RunEase,110.0,445.62,70.12,13.6
2025-11-12,South,P001,1529.37,172.94,6,Smartphone A,Electronics,TechNova,200.0,1037.6399999999999,491.73,32.15
2025-11-13,West,P019,512.18,189.64,2,,,,,379.28,132.89999999999998,25.95
2025-11-12,South,P018,198.28,176.35,1,,,,,176.35,21.930000000000007,11.06
2025-11-12,East,P005,1230.32,98.06,9,LED Monitor,Electronics,ViewPoint,250.0,882.54,347.78,28.27
2025-11-07,South,P008,92.35,69.15,1,Backpack Travel,Accessories,UrbanTrail,65.0,69.15,23.19999999999999,25.12
2025-11-07,West,P011,986.3,188.1,4,,,,,752.4,233.89999999999998,23.71
2025-11-10,North,P007,431.12,193.56,2,Sneakers Air,Sports,RunEase,110.0,387.12,44.0,10.21
2025-11-13,West,P016,916.01,166.36,4,,,,,665.44,250.56999999999994,27.35
2025-11-09,North,P011,815.14,192.05,3,,,,,576.1500000000001,238.9899999999999,29.32
2025-11-08,West,P014,671.51,108.54,5,,,,,542.7,128.80999999999995,19.18
2025-11-12,East,P004,730.96,73.43,7,Desk Chair,Home,ErgoFit,120.0,514.01,216.95000000000005,29.68
2025-11-09,North,P008,610.83,83.82,6,Backpack Travel,Accessories,UrbanTrail,65.0,502.91999999999996,107.91000000000008,17.67
2025-11-09,South,P009,1202.96,134.36,6,Wireless Mouse,Accessories,ClickIt,40.0,806.1600000000001,396.79999999999995,32.99
2025-11-08,East,P004,1281.09,132.44,8,Desk Chair,Home,ErgoFit,120.0,1059.52,221.56999999999994,17.3
2025-11-07,North,P010,1514.79,183.26,7,Office Desk,Home,ErgoFit,300.0,1282.82,231.97000000000003,15.31
2025-11-12,West,P001,1897.07,136.29,10,Smartphone A,Electronics,TechNova,200.0,1362.8999999999999,534.1700000000001,28.16
2025-11-09,North,P017,1399.08,96.44,10,,,,,964.4,434.67999999999995,31.07
2025-11-10,South,P007,2210.96,179.57,9,Sneakers Air,Sports,RunEase,110.0,1616.1299999999999,594.8300000000002,26.9
2025-11-11,East,P019,935.3,146.36,5,,,,,731.8000000000001,203.4999999999999,21.76
2025-11-08,West,P014,1915.69,155.46,9,,,,,1399.14,516.55,26.96
2025-11-11,East,P003,1929.35,151.99,10,Headphones Z,Accessories,SoundMax,80.0,1519.9,409.4499999999998,21.22
2025-11-10,East,P015,630.47,54.73,8,,,,,437.84,192.63000000000005,30.55
2025-11-13,East,P007,837.86,177.34,4,Sneakers Air,Sports,RunEase,110.0,709.36,128.5,15.34
2025-11-13,East,P010,1262.33,162.1,6,Office Desk,Home,ErgoFit,300.0,972.5999999999999,289.73,22.95
2025-11-09,West,P019,272.54,91.51,2,,,,,183.02,89.52000000000001,32.85
2025-11-11,West,P008,1227.32,121.45,7,Backpack Travel,Accessories,UrbanTrail,65.0,850.15,377.16999999999996,30.73
2025-11-08,South,P010,1426.85,119.38,9,Office Desk,Home,ErgoFit,300.0,1074.42,352.42999999999984,24.7
2025-11-13,East,P008,556.12,186.64,2,Backpack Travel,Accessories,UrbanTrail,65.0,373.28,182.84000000000003,32.88
2025-11-09,South,P012,2654.75,195.74,10,,,,,1957.4,697.3499999999999,26.27
2025-11-11,West,P014,1290.79,95.92,10,,,,,959.2,331.5899999999999,25.69
2025-11-08,East,P008,791.35,142.08,5,Backpack Travel,Accessories,UrbanTrail,65.0,710.4000000000001,80.94999999999993,10.23
2025-11-12,West,P003,729.7,72.64,8,Headphones Z,Accessories,SoundMax,80.0,581.12,148.58000000000004,20.36
2025-11-07,North,P001,888.09,156.57,4,Smartphone A,Electronics,TechNova,200.0,626.28,261.81000000000006,29.48
2025-11-11,East,P009,1433.4,192.91,5,Wireless Mouse,Accessories,ClickIt,40.0,964.55,468.85000000000014,32.71
2025-11-11,North,P009,618.53,150.85,3,Wireless Mouse,Accessories,ClickIt,40.0,452.54999999999995,165.98000000000002,26.83
2025-11-11,South,P001,718.8,68.67,7,Smartphone A,Electronics,TechNova,200.0,480.69,238.10999999999996,33.13
2025-11-08,East,P012,2305.51,168.64,10,,,,,1686.3999999999999,619.1100000000004,26.85
2025-11-12,East,P010,1505.11,182.94,6,Office Desk,Home,ErgoFit,300.0,1097.6399999999999,407.47,27.07
2025-11-08,North,P010,107.89,96.16,1,Office Desk,Home,ErgoFit,300.0,96.16,11.730000000000004,10.87
2025-11-09,North,P002,744.84,76.68,7,Laptop X,Electronics,ComputeCore,750.0,536.76,208.08000000000004,27.94
2025-11-12,East,P018,546.75,143.97,3,,,,,431.90999999999997,114.84000000000003,21.0
2025-11-08,East,P018,175.36,143.92,1,,,,,143.92,31.440000000000026,17.93
2025-11-10,East,P012,722.5,111.7,5,,,,,558.5,164.0,22.7
2025-11-09,North,P005,295.89,124.69,2,LED Monitor,Electronics,ViewPoint,250.0,249.38,46.50999999999999,15.72
2025-11-13,East,P015,844.65,126.82,6,,,,,760.92,83.73000000000002,9.91
2025-11-09,East,P003,1314.64,154.14,6,Headphones Z,Accessories,SoundMax,80.0,924.8399999999999,389.8000000000002,29.65
2025-11-13,East,P015,391.82,172.98,2,,,,,345.96,45.860000000000014,11.7
2025-11-08,North,P005,1515.96,134.32,10,LED Monitor,Electronics,ViewPoint,250.0,1343.1999999999998,172.76000000000022,11.4
2025-11-09,South,P004,1697.62,172.19,8,Desk Chair,Home,ErgoFit,120.0,1377.52,320.0999999999999,18.86
2025-11-12,North,P019,2177.37,178.7,9,,,,,1608.3,569.0699999999999,26.14
2025-11-08,East,P007,248.62,188.18,1,Sneakers Air,Sports,RunEase,110.0,188.18,60.44,24.31
2025-11-10,West,P005,2140.58,161.38,9,LED Monitor,Electronics,ViewPoint,250.0,1452.42,688.1599999999999,32.15
2025-11-13,North,P013,1898.03,158.92,8,,,,,1271.36,626.6700000000001,33.02
2025-11-07,East,P013,689.47,99.6,6,,,,,597.5999999999999,91.87000000000012,13.32
2025-11-11,West,P009,700.11,106.69,5,Wireless Mouse,Accessories,ClickIt,40.0,533.45,166.65999999999997,23.8
2025-11-10,East,P008,1129.68,154.19,5,Backpack Travel,Accessories,UrbanTrail,65.0,770.95,358.73,31.76
2025-11-10,North,P001,743.1,56.07,10,Smartphone A,Electronics,TechNova,200.0,560.7,182.39999999999998,24.55
2025-11-07,West,P003,1157.1,132.99,6,Headphones Z,Accessories,SoundMax,80.0,797.94,359.15999999999985,31.04
2025-11-10,East,P010,111.78,99.29,1,Office Desk,Home,ErgoFit,300.0,99.29,12.489999999999995,11.17
2025-11-10,North,P005,1171.98,118.49,8,LED Monitor,Electronics,ViewPoint,250.0,947.92,224.06000000000006,19.12
2025-11-09,North,P019,248.98,185.9,1,,,,,185.9,63.079999999999984,25.34
2025-11-11,South,P013,1766.97,149.04,9,,,,,1341.36,425.6100000000001,24.09
2025-11-11,West,P018,1289.23,92.16,10,,,,,921.5999999999999,367.6300000000001,28.52
2025-11-09,West,P001,930.85,92.84,9,Smartphone A,Electronics,TechNova,200.0,835.5600000000001,95.28999999999996,10.24
2025-11-12,South,P007,2416.32,168.66,10,Sneakers Air,Sports,RunEase,110.0,1686.6,729.7200000000003,30.2
2025-11-09,South,P001,1741.72,173.96,7,Smartphone A,Electronics,TechNova,200.0,1217.72,524.0,30.09
2025-11-11,South,P014,864.41,150.12,4,,,,,600.48,263.92999999999995,30.53
2025-11-11,West,P019,612.9,118.08,4,,,,,472.32,140.57999999999998,22.94
2025-11-13,North,P020,1796.73,183.24,8,,,,,1465.92,330.80999999999995,18.41
2025-11-07,North,P014,214.23,79.71,2,,,,,159.42,54.81,25.58
2025-11-10,North,P009,910.84,98.17,7,Wireless Mouse,Accessories,ClickIt,40.0,687.19,223.64999999999998,24.55
2025-11-13,North,P004,861.54,125.58,6,Desk Chair,Home,ErgoFit,120.0,753.48,108.05999999999995,12.54
2025-11-13,South,P002,1251.62,175.12,5,Laptop X,Electronics,ComputeCore,750.0,875.6,376.01999999999987,30.04
2025-11-13,North,P001,639.4,87.73,5,Smartphone A,Electronics,TechNova,200.0,438.65000000000003,200.74999999999994,31.4
2025-11-09,East,P006,1415.07,176.65,7,Coffee Maker,Home,KitchenPro,90.0,1236.55,178.51999999999998,12.62
2025-11-07,West,P020,641.66,130.21,4,,,,,520.84,120.81999999999994,18.83
2025-11-11,South,P019,1585.03,141.64,10,,,,,1416.3999999999999,168.6300000000001,10.64
2025-11-07,South,P008,439.66,157.47,2,Backpack Travel,Accessories,UrbanTrail,65.0,314.94,124.72000000000003,28.37
2025-11-11,East,P017,2053.44,182.41,8,,,,,1459.28,594.1600000000001,28.93
2025-11-12,North,P015,585.39,59.07,8,,,,,472.56,112.82999999999998,19.27
2025-11-13,West,P001,1595.54,154.55,8,Smartphone A,Electronics,TechNova,200.0,1236.4,359.1399999999999,22.51
2025-11-12,South,P019,1400.5,104.3,10,,,,,1043.0,357.5,25.53
2025-11-08,North,P019,673.99,113.1,4,,,,,452.4,221.59000000000003,32.88
2025-11-11,South,P002,424.87,73.97,5,Laptop X,Electronics,ComputeCore,750.0,369.85,55.01999999999998,12.95
2025-11-13,South,P001,1484.11,180.48,6,Smartphone A,Electronics,TechNova,200.0,1082.8799999999999,401.23,27.04
2025-11-11,North,P005,416.28,116.13,3,LED Monitor,Electronics,ViewPoint,250.0,348.39,67.88999999999999,16.31
2025-11-08,West,P017,1028.74,186.95,4,,,,,747.8,280.94000000000005,27.31
2025-11-10,North,P007,822.44,63.31,10,Sneakers Air,Sports,RunEase,110.0,633.1,189.34000000000003,23.02
2025-11-13,South,P013,836.29,187.9,4,,,,,751.6,84.68999999999994,10.13
2025-11-08,West,P002,567.93,76.71,6,Laptop X,Electronics,ComputeCore,750.0,460.26,107.66999999999996,18.96
2025-11-09,East,P001,109.26,93.34,1,Smartphone A,Electronics,TechNova,200.0,93.34,15.920000000000002,14.57
2025-11-12,North,P006,442.21,166.26,2,Coffee Maker,Home,KitchenPro,90.0,332.52,109.69,24.8
2025-11-09,North,P004,103.19,76.85,1,Desk Chair,Home,ErgoFit,120.0,76.85,26.340000000000003,25.53
2025-11-11,West,P020,679.13,100.09,6,,,,,600.54,78.59000000000003,11.57
2025-11-11,West,P018,1533.04,165.42,7,,,,,1157.9399999999998,375.10000000000014,24.47
2025-11-13,East,P008,1100.67,189.28,4,Backpack Travel,Accessories,UrbanTrail,65.0,757.12,343.55000000000007,31.21
2025-11-10,South,P018,765.27,126.17,5,,,,,630.85,134.41999999999996,17.57
2025-11-13,North,P011,132.92,103.83,1,,,,,103.83,29.08999999999999,21.89
2025-11-07,East,P011,1154.82,174.48,5,,,,,872.4,282.41999999999996,24.46
2025-11-11,East,P013,1224.72,98.16,9,,,,,883.4399999999999,341.2800000000001,27.87
2025-11-09,West,P007,1725.56,135.43,9,Sneakers Air,Sports,RunEase,110.0,1218.8700000000001,506.6899999999998,29.36
2025-11-08,South,P010,1401.18,142.06,8,Office Desk,Home,ErgoFit,300.0,1136.48,264.70000000000005,18.89
2025-11-08,West,P020,545.77,77.37,5,,,,,386.85,158.91999999999996,29.12
2025-11-09,North,P004,596.15,136.4,3,Desk Chair,Home,ErgoFit,120.0,409.20000000000005,186.94999999999993,31.36
2025-11-10,North,P019,1034.45,88.28,8,,,,,706.24,328.21000000000004,31.73
2025-11-11,North,P019,1976.37,155.73,9,,,,,1401.57,574.8,29.08
2025-11-10,West,P016,225.53,86.23,2,,,,,172.46,53.06999999999999,23.53
2025-11-10,East,P008,1024.07,165.57,5,Backpack Travel,Accessories,UrbanTrail,65.0,827.8499999999999,196.22000000000003,19.16
2025-11-12,South,P005,872.82,197.65,3,LED Monitor,Electronics,ViewPoint,250.0,592.95,279.87,32.07
2025-11-09,East,P006,461.98,62.53,5,Coffee Maker,Home,KitchenPro,90.0,312.65,149.33000000000004,32.32
2025-11-13,South,P014,1918.83,173.59,8,,,,,1388.72,530.1099999999999,27.63
2025-11-08,South,P004,231.3,177.76,1,Desk Chair,Home,ErgoFit,120.0,177.76,53.54000000000002,23.15
2025-11-13,West,P003,419.49,102.15,3,Headphones Z,Accessories,SoundMax,80.0,306.45000000000005,113.03999999999996,26.95
2025-11-11,North,P017,272.26,52.26,4,,,,,209.04,63.22,23.22
2025-11-10,North,P001,1410.51,129.16,8,Smartphone A,Electronics,TechNova,200.0,1033.28,377.23,26.74
2025-11-10,South,P006,221.94,188.45,1,Coffee Maker,Home,KitchenPro,90.0,188.45,33.49000000000001,15.09
2025-11-13,South,P003,2164.8,187.59,9,Headphones Z,Accessories,SoundMax,80.0,1688.31,476.49000000000024,22.01
2025-11-09,West,P016,383.59,62.21,5,,,,,311.05,72.53999999999996,18.91
2025-11-07,East,P005,1112.77,130.44,7,LED Monitor,Electronics,ViewPoint,250.0,913.0799999999999,199.69000000000005,17.95
2025-11-09,South,P005,199.08,82.96,2,LED Monitor,Electronics,ViewPoint,250.0,165.92,33.160000000000025,16.66
2025-11-09,South,P011,397.39,165.43,2,,,,,330.86,66.52999999999997,16.74
2025-11-12,North,P012,853.85,71.4,8,,,,,571.2,282.65,33.1
2025-11-09,West,P018,1088.76,154.37,5,,,,,771.85,316.90999999999997,29.11
2025-11-07,West,P020,548.48,154.44,3,,,,,463.32,85.16000000000003,15.53
2025-11-13,West,P008,815.49,178.44,4,Backpack Travel,Accessories,UrbanTrail,65.0,713.76,101.73000000000002,12.47
2025-11-10,East,P008,1979.34,161.72,10,Backpack Travel,Accessories,UrbanTrail,65.0,1617.2,362.1399999999999,18.3
2025-11-10,West,P009,871.52,120.78,5,Wireless Mouse,Accessories,ClickIt,40.0,603.9,267.62,30.71
2025-11-11,West,P010,1211.39,117.79,9,Office Desk,Home,ErgoFit,300.0,1060.1100000000001,151.27999999999997,12.49
2025-11-09,West,P017,1545.66,145.71,8,,,,,1165.68,379.98,24.58
2025-11-11,East,P015,161.96,136.33,1,,,,,136.33,25.629999999999995,15.82
2025-11-10,West,P017,632.18,70.4,6,,,,,422.40000000000003,209.77999999999992,33.18
2025-11-09,South,P012,1189.65,140.98,6,,,,,845.8799999999999,343.7700000000002,28.9
2025-11-13,North,P004,630.29,61.8,8,Desk Chair,Home,ErgoFit,120.0,494.4,135.89,21.56
2025-11-11,South,P018,2652.26,198.27,10,,,,,1982.7,669.5600000000002,25.24
2025-11-07,West,P012,212.21,145.01,1,,,,,145.01,67.20000000000002,31.67
2025-11-09,North,P012,548.34,151.03,3,,,,,453.09000000000003,95.25,17.37
2025-11-09,West,P001,2254.54,168.3,9,Smartphone A,Electronics,TechNova,200.0,1514.7,739.8399999999999,32.82
2025-11-07,East,P014,1681.94,169.61,9,,,,,1526.4900000000002,155.44999999999982,9.24
2025-11-11,East,P017,582.98,50.32,8,,,,,402.56,180.42000000000002,30.95
2025-11-07,North,P003,924.15,140.02,5,Headphones Z,Accessories,SoundMax,80.0,700.1,224.04999999999995,24.24
2025-11-11,South,P018,2122.89,183.95,10,,,,,1839.5,283.3899999999999,13.35
2025-11-07,East,P003,805.07,79.9,7,Headphones Z,Accessories,SoundMax,80.0,559.3000000000001,245.76999999999998,30.53
2025-11-07,North,P017,2456.38,180.8,10,,,,,1808.0,648.3800000000001,26.4
2025-11-10,East,P018,160.6,134.36,1,,,,,134.36,26.23999999999998,16.34
2025-11-11,North,P003,1488.78,158.56,8,Headphones Z,Accessories,SoundMax,80.0,1268.48,220.29999999999995,14.8
2025-11-10,East,P009,537.11,53.68,9,Wireless Mouse,Accessories,ClickIt,40.0,483.12,53.99000000000001,10.05
2025-11-10,East,P002,1385.79,149.95,7,Laptop X,Electronics,ComputeCore,750.0,1049.6499999999999,336.1400000000001,24.26
2025-11-07,East,P002,1461.07,117.11,9,Laptop X,Electronics,ComputeCore,750.0,1053.99,407.0799999999999,27.86
2025-11-10,South,P014,822.16,175.0,4,,,,,700.0,122.15999999999997,14.86
2025-11-13,West,P012,72.09,52.84,1,,,,,52.84,19.25,26.7
2025-11-13,South,P017,1027.83,160.27,5,,,,,801.35,226.4799999999999,22.03
2025-11-10,North,P011,604.29,104.41,4,,,,,417.64,186.64999999999998,30.89
2025-11-10,South,P010,1320.03,130.82,9,Office Desk,Home,ErgoFit,300.0,1177.3799999999999,142.6500000000001,10.81
2025-11-07,West,P020,1208.71,97.58,10,,,,,975.8,232.91000000000008,19.27
2025-11-09,East,P009,1745.15,137.54,9,Wireless Mouse,Accessories,ClickIt,40.0,1237.86,507.2900000000002,29.07
2025-11-08,North,P019,1671.1,144.57,10,,,,,1445.6999999999998,225.4000000000001,13.49
2025-11-09,North,P017,782.73,61.29,10,,,,,612.9,169.83000000000004,21.7
2025-11-07,South,P005,726.37,109.93,6,LED Monitor,Electronics,ViewPoint,250.0,659.58,66.78999999999996,9.2
2025-11-10,South,P015,490.79,171.83,2,,,,,343.66,147.13,29.98
2025-11-09,South,P010,1101.37,108.37,7,Office Desk,Home,ErgoFit,300.0,758.59,342.77999999999986,31.12
2025-11-10,West,P003,327.5,122.03,2,Headphones Z,Accessories,SoundMax,80.0,244.06,83.44,25.48
2025-11-11,South,P003,123.56,52.2,2,Headphones Z,Accessories,SoundMax,80.0,104.4,19.159999999999997,15.51
2025-11-08,North,P013,645.29,115.57,5,,,,,577.8499999999999,67.44000000000005,10.45
2025-11-11,West,P011,1012.94,118.69,7,,,,,830.8299999999999,182.11000000000013,17.98
2025-11-11,South,P014,674.63,61.84,9,,,,,556.5600000000001,118.06999999999994,17.5
2025-11-11,East,P009,1531.3,178.53,7,Wireless Mouse,Accessories,ClickIt,40.0,1249.71,281.5899999999999,18.39
2025-11-12,East,P003,1320.62,193.67,5,Headphones Z,Accessories,SoundMax,80.0,968.3499999999999,352.27,26.67
2025-11-09,West,P017,1574.6,165.48,8,,,,,1323.84,250.76,15.93
2025-11-07,East,P014,244.93,177.32,1,,,,,177.32,67.61000000000001,27.6
2025-11-13,North,P010,756.13,94.86,6,Office Desk,Home,ErgoFit,300.0,569.16,186.97000000000003,24.73
2025-11-08,East,P012,381.54,166.62,2,,,,,333.24,48.30000000000001,12.66
2025-11-11,East,P012,612.55,113.84,4,,,,,455.36,157.18999999999994,25.66
2025-11-07,South,P004,265.14,79.73,3,Desk Chair,Home,ErgoFit,120.0,239.19,25.94999999999999,9.79
2025-11-11,South,P004,2107.97,188.39,9,Desk Chair,Home,ErgoFit,120.0,1695.5099999999998,412.46000000000004,19.57
2025-11-09,East,P012,178.76,145.86,1,,,,,145.86,32.89999999999998,18.4
2025-11-12,West,P010,105.3,94.86,1,Office Desk,Home,ErgoFit,300.0,94.86,10.439999999999998,9.91
2025-11-11,East,P011,2086.99,184.24,8,,,,,1473.92,613.0699999999997,29.38
2025-11-09,North,P014,234.45,81.76,2,,,,,163.52,70.92999999999998,30.25
2025-11-09,North,P003,653.08,88.15,5,Headphones Z,Accessories,SoundMax,80.0,440.75,212.33000000000004,32.51
2025-11-12,East,P001,141.46,57.85,2,Smartphone A,Electronics,TechNova,200.0,115.7,25.760000000000005,18.21
2025-11-09,South,P009,1635.34,180.44,8,Wireless Mouse,Accessories,ClickIt,40.0,1443.52,191.81999999999994,11.73
2025-11-12,East,P013,1031.05,116.97,6,,,,,701.8199999999999,329.23,31.93
2025-11-08,East,P007,765.93,65.83,8,Sneakers Air,Sports,RunEase,110.0,526.64,239.28999999999996,31.24
2025-11-12,South,P020,1229.41,178.14,6,,,,,1068.84,160.57000000000016,13.06
2025-11-12,West,P015,457.63,135.26,3,,,,,405.78,51.85000000000002,11.33
2025-11-07,East,P013,2171.73,173.71,10,,,,,1737.1000000000001,434.6299999999999,20.01
2025-11-10,West,P014,1690.32,133.3,9,,,,,1199.7,490.6199999999999,29.03
2025-11-11,North,P018,1157.32,105.76,8,,,,,846.08,311.2399999999999,26.89
2025-11-11,South,P018,433.64,130.07,3,,,,,390.21,43.43000000000001,10.02
2025-11-07,West,P012,791.9,67.15,8,,,,,537.2,254.69999999999993,32.16
2025-11-12,East,P006,174.29,134.05,1,Coffee Maker,Home,KitchenPro,90.0,134.05,40.23999999999998,23.09
2025-11-12,South,P018,1440.1,158.01,7,,,,,1106.07,334.03,23.19
2025-11-07,West,P014,784.02,184.89,3,,,,,554.67,229.35000000000002,29.25
2025-11-08,West,P020,720.92,62.04,9,,,,,558.36,162.55999999999995,22.55
2025-11-11,East,P003,233.14,178.62,1,Headphones Z,Accessories,SoundMax,80.0,178.62,54.51999999999998,23.39
2025-11-12,West,P003,1264.25,162.46,6,Headphones Z,Accessories,SoundMax,80.0,974.76,289.49,22.9
2025-11-08,North,P014,566.65,190.01,2,,,,,380.02,186.63,32.94
2025-11-07,West,P006,740.88,130.25,4,Coffee Maker,Home,KitchenPro,90.0,521.0,219.88,29.68
2025-11-08,North,P001,440.27,116.78,3,Smartphone A,Electronics,TechNova,200.0,350.34000000000003,89.92999999999995,20.43
2025-11-07,South,P015,1463.5,175.96,6,,,,,1055.76,407.74,27.86
2025-11-12,South,P003,2235.61,175.67,10,Headphones Z,Accessories,SoundMax,80.0,1756.6999999999998,478.9100000000003,21.42
2025-11-07,North,P016,748.88,194.47,3,,,,,583.41,165.47000000000003,22.1
2025-11-08,North,P010,439.95,101.66,3,Office Desk,Home,ErgoFit,300.0,304.98,134.96999999999997,30.68
2025-11-08,South,P006,147.54,102.87,1,Coffee Maker,Home,KitchenPro,90.0,102.87,44.66999999999999,30.28
2025-11-11,South,P016,686.54,103.56,5,,,,,517.8,168.74,24.58
2025-11-12,South,P011,81.01,64.07,1,,,,,64.07,16.940000000000012,20.91
2025-11-12,West,P004,644.04,193.18,3,Desk Chair,Home,ErgoFit,120.0,579.54,64.5,10.01
2025-11-07,North,P007,1799.69,122.66,10,Sneakers Air,Sports,RunEase,110.0,1226.6,573.0900000000001,31.84
2025-11-09,South,P018,515.64,112.3,4,,,,,449.2,66.44,12.88
2025-11-13,East,P016,2082.49,161.85,9,,,,,1456.6499999999999,625.8399999999999,30.05
2025-11-13,South,P018,1007.3,179.31,5,,,,,896.55,110.75,10.99
2025-11-10,East,P015,533.41,74.05,5,,,,,370.25,163.15999999999997,30.59
2025-11-09,East,P018,1249.91,151.79,6,,,,,910.74,339.1700000000001,27.14
2025-11-10,West,P007,580.43,98.1,4,Sneakers Air,Sports,RunEase,110.0,392.4,188.02999999999997,32.39
2025-11-11,South,P007,768.1,90.14,6,Sneakers Air,Sports,RunEase,110.0,540.84,227.26,29.59
2025-11-08,South,P019,1775.62,193.16,7,,,,,1352.12,423.5,23.85
2025-11-09,South,P012,1208.14,97.88,9,,,,,880.92,327.22000000000014,27.08
2025-11-12,South,P016,852.15,95.22,7,,,,,666.54,185.61,21.78
2025-11-12,West,P005,1169.17,176.24,5,LED Monitor,Electronics,ViewPoint,250.0,881.2,287.97,24.63
2025-11-11,West,P018,647.58,189.17,3,,,,,567.51,80.07000000000005,12.36
2025-11-09,West,P002,284.81,118.76,2,Laptop X,Electronics,ComputeCore,750.0,237.52,47.28999999999999,16.6
2025-11-09,North,P011,451.3,126.02,3,,,,,378.06,73.24000000000001,16.23
2025-11-12,South,P009,358.19,56.23,5,Wireless Mouse,Accessories,ClickIt,40.0,281.15,77.04000000000002,21.51
2025-11-09,West,P012,510.23,98.36,4,,,,,393.44,116.79000000000002,22.89
2025-11-07,East,P015,1490.7,179.24,7,,,,,1254.68,236.01999999999998,15.83
2025-11-09,South,P013,1496.59,156.64,7,,,,,1096.48,400.1099999999999,26.73
2025-11-12,East,P015,169.2,142.05,1,,,,,142.05,27.149999999999977,16.05
2025-11-09,South,P001,217.03,73.47,2,Smartphone A,Electronics,TechNova,200.0,146.94,70.09,32.3
2025-11-08,West,P008,571.36,72.04,6,Backpack Travel,Accessories,UrbanTrail,65.0,432.24,139.12,24.35
2025-11-07,East,P012,934.42,95.74,8,,,,,765.92,168.5,18.03
2025-11-09,West,P013,61.6,55.62,1,,,,,55.62,5.980000000000004,9.71
2025-11-08,East,P013,466.61,95.16,4,,,,,380.64,85.97000000000003,18.42
2025-11-12,South,P017,1810.42,189.85,7,,,,,1328.95,481.47,26.59
2025-11-13,East,P001,852.41,78.42,9,Smartphone A,Electronics,TechNova,200.0,705.78,146.63,17.2
2025-11-11,South,P006,1630.33,145.32,9,Coffee Maker,Home,KitchenPro,90.0,1307.8799999999999,322.45000000000005,19.78
2025-11-09,West,P011,635.37,108.03,5,,,,,540.15,95.22000000000003,14.99
2025-11-10,North,P002,1271.97,178.32,6,Laptop X,Electronics,ComputeCore,750.0,1069.92,202.04999999999995,15.88
2025-11-12,East,P011,1104.86,156.04,5,,,,,780.1999999999999,324.65999999999997,29.38
2025-11-07,South,P003,1056.27,138.4,6,Headphones Z,Accessories,SoundMax,80.0,830.4000000000001,225.8699999999999,21.38
2025-11-07,West,P001,1725.98,116.92,10,Smartphone A,Electronics,TechNova,200.0,1169.2,556.78,32.26
2025-11-11,South,P020,158.83,120.55,1,,,,,120.55,38.280000000000015,24.1
2025-11-12,South,P013,240.64,161.34,1,,,,,161.34,79.29999999999998,32.95
2025-11-12,South,P017,200.76,136.84,1,,,,,136.84,63.91999999999999,31.84
2025-11-13,East,P020,277.38,104.43,2,,,,,208.86,68.51999999999998,24.7
2025-11-09,North,P017,191.05,128.91,1,,,,,128.91,62.140000000000015,32.53
2025-11-08,South,P009,263.06,177.43,1,Wireless Mouse,Accessories,ClickIt,40.0,177.43,85.63,32.55
2025-11-13,South,P008,944.23,124.93,6,Backpack Travel,Accessories,UrbanTrail,65.0,749.58,194.64999999999998,20.61
2025-11-10,North,P007,868.63,119.12,5,Sneakers Air,Sports,RunEase,110.0,595.6,273.03,31.43
2025-11-10,West,P020,266.9,71.72,3,,,,,215.16,51.73999999999998,19.39
2025-11-09,East,P014,391.41,104.44,3,,,,,313.32,78.09000000000003,19.95
2025-11-11,South,P019,330.16,57.81,4,,,,,231.24,98.92000000000002,29.96
2025-11-10,West,P011,655.29,137.59,4,,,,,550.36,104.92999999999995,16.01
2025-11-10,North,P001,267.9,98.03,2,Smartphone A,Electronics,TechNova,200.0,196.06,71.83999999999997,26.82
2025-11-11,South,P019,567.91,102.25,4,,,,,409.0,158.90999999999997,27.98
2025-11-13,North,P017,1451.5,119.35,10,,,,,1193.5,258.0,17.77
2025-11-10,North,P001,667.48,81.71,6,Smartphone A,Electronics,TechNova,200.0,490.26,177.22000000000003,26.55
2025-11-09,North,P019,1713.09,160.91,8,,,,,1287.28,425.80999999999995,24.86
2025-11-10,West,P018,451.85,134.99,3,,,,,404.97,46.879999999999995,10.38
2025-11-09,West,P010,460.73,179.51,2,Office Desk,Home,ErgoFit,300.0,359.02,101.71000000000004,22.08
2025-11-11,West,P012,2251.13,172.17,10,,,,,1721.6999999999998,529.4300000000003,23.52
2025-11-10,North,P017,1602.33,181.05,6,,,,,1086.3000000000002,516.0299999999997,32.2
2025-11-07,West,P002,155.67,114.32,1,Laptop X,Electronics,ComputeCore,750.0,114.32,41.349999999999994,26.56
2025-11-09,West,P020,1520.95,175.18,6,,,,,1051.08,469.8700000000001,30.89
2025-11-07,East,P010,468.3,50.79,7,Office Desk,Home,ErgoFit,300.0,355.53,112.77000000000004,24.08
2025-11-09,West,P003,397.02,53.57,5,Headphones Z,Accessories,SoundMax,80.0,267.85,129.16999999999996,32.53
2025-11-13,East,P016,929.03,165.14,4,,,,,660.56,268.47,28.9
2025-11-13,North,P011,951.3,106.2,6,,,,,637.2,314.0999999999999,33.02
2025-11-12,East,P012,172.93,118.52,1,,,,,118.52,54.41000000000001,31.46
2025-11-08,West,P001,1332.43,109.61,9,Smartphone A,Electronics,TechNova,200.0,986.49,345.94000000000005,25.96
2025-11-12,South,P020,598.99,97.4,5,,,,,487.0,111.99000000000001,18.7
2025-11-12,West,P002,936.91,79.14,9,Laptop X,Electronics,ComputeCore,750.0,712.26,224.64999999999998,23.98
2025-11-09,North,P013,701.24,97.61,6,,,,,585.66,115.58000000000004,16.48
2025-11-13,North,P020,878.31,129.23,5,,,,,646.15,232.15999999999997,26.43
2025-11-09,West,P010,820.67,64.07,10,Office Desk,Home,ErgoFit,300.0,640.6999999999999,179.97000000000003,21.93
2025-11-09,West,P003,428.7,96.87,3,Headphones Z,Accessories,SoundMax,80.0,290.61,138.08999999999997,32.21
2025-11-12,South,P006,336.76,52.61,5,Coffee Maker,Home,KitchenPro,90.0,263.05,73.70999999999998,21.89
2025-11-13,East,P001,1530.6,193.18,6,Smartphone A,Electronics,TechNova,200.0,1159.08,371.52,24.27
2025-11-09,East,P015,142.91,116.07,1,,,,,116.07,26.840000000000003,18.78
2025-11-10,North,P001,372.05,132.67,2,Smartphone A,Electronics,TechNova,200.0,265.34,106.71000000000004,28.68
2025-11-07,North,P011,659.42,125.13,4,,,,,500.52,158.89999999999998,24.1
2025-11-12,North,P009,95.87,74.97,1,Wireless Mouse,Accessories,ClickIt,40.0,74.97,20.900000000000006,21.8
2025-11-10,West,P011,776.33,105.72,5,,,,,528.6,247.73000000000002,31.91
2025-11-13,North,P020,1080.33,153.71,6,,,,,922.26,158.06999999999994,14.63
2025-11-12,West,P008,848.44,102.07,6,Backpack Travel,Accessories,UrbanTrail,65.0,612.42,236.0200000000001,27.82
2025-11-12,West,P016,147.1,113.06,1,,,,,113.06,34.03999999999999,23.14
2025-11-07,East,P015,1634.17,199.54,6,,,,,1197.24,436.93000000000006,26.74
2025-11-09,East,P001,834.17,83.46,9,Smartphone A,Electronics,TechNova,200.0,751.14,83.02999999999997,9.95
2025-11-09,North,P012,415.9,82.45,4,,,,,329.8,86.09999999999997,20.7
2025-11-13,South,P010,244.12,68.08,3,Office Desk,Home,ErgoFit,300.0,204.24,39.879999999999995,16.34
2025-11-07,West,P020,720.91,130.62,4,,,,,522.48,198.42999999999995,27.52
2025-11-13,North,P020,605.08,56.68,9,,,,,510.12,94.96000000000004,15.69
2025-11-13,South,P001,641.91,114.34,4,Smartphone A,Electronics,TechNova,200.0,457.36,184.54999999999995,28.75
2025-11-09,East,P010,536.36,186.81,2,Office Desk,Home,ErgoFit,300.0,373.62,162.74,30.34
2025-11-07,West,P014,652.03,59.16,8,,,,,473.28,178.75,27.41
2025-11-09,East,P014,431.03,67.83,5,,,,,339.15,91.88,21.32
2025-11-13,South,P002,1110.24,198.84,5,Laptop X,Electronics,ComputeCore,750.0,994.2,116.03999999999996,10.45
2025-11-10,East,P005,322.33,77.93,3,LED Monitor,Electronics,ViewPoint,250.0,233.79000000000002,88.53999999999996,27.47
2025-11-07,East,P020,284.34,53.23,4,,,,,212.92,71.41999999999999,25.12
2025-11-11,North,P018,727.39,102.12,5,,,,,510.6,216.78999999999996,29.8
2025-11-08,North,P020,1011.84,67.81,10,,,,,678.1,333.74,32.98
2025-11-10,West,P006,307.7,62.83,4,Coffee Maker,Home,KitchenPro,90.0,251.32,56.379999999999995,18.32
2025-11-12,East,P006,911.02,76.44,8,Coffee Maker,Home,KitchenPro,90.0,611.52,299.5,32.88
2025-11-08,West,P003,242.14,104.82,2,Headphones Z,Accessories,SoundMax,80.0,209.64,32.5,13.42
2025-11-07,North,P011,551.83,53.88,8,,,,,431.04,120.79000000000002,21.89
2025-11-09,North,P012,942.09,167.02,4,,,,,668.08,274.01,29.09
2025-11-09,North,P010,1527.77,191.04,6,Office Desk,Home,ErgoFit,300.0,1146.24,381.53,24.97
